year,phase1,phase2,phase3
2022,0.000825,0,0
2023,0.001675,0.000825,0
2024,0.0025,0.001675,0.000825
2025,0.0025,0.0025,0.001675
2026+,0.0025,0.0025,0.0025